chrom1	pos1	SVtype	chrom2	pos2	strand1	strand2
1	6619008	h2hINV	1	6619681	+	+
1	6997353	DUP	1	6997623	+	-
1	35267832	DUP	1	57016953	+	-
1	41146796	DEL	1	41149349	-	+
1	155551092	DEL	1	162757630	-	+
1	155551221	DUP	1	157383276	+	-
1	155559172	t2tINV	1	168825283	-	-
1	156769073	DUP	1	167576303	+	-
1	158449445	h2hINV	1	170245027	+	+
1	168821808	h2hINV	1	168825473	+	+
2	74557634	DUP	2	74557998	+	-
2	87531260	t2tINV	2	112315136	-	-
2	130818568	t2tINV	2	132032019	-	-
2	133939649	h2hINV	2	133941051	+	+
2	212608581	DEL	2	212858911	-	+
2	225292952	DEL	2	225293952	-	+
2	226042904	DUP	2	227896570	+	-
3	116452100	DEL	3	116475806	-	+
3	116493887	DEL	3	116685981	-	+
3	116539860	DEL	3	116576307	-	+
3	126258751	TRA	2	110109030	-	+
4	70467476	DEL	4	70472803	-	+
4	169326846	t2tINV	4	175986181	-	-
5	10346784	TRA	4	14838039	+	-
5	16490990	h2hINV	5	32995149	+	+
5	16490990	TRA	1	76336010	+	-
5	18963230	t2tINV	5	18963742	-	-
5	19082235	t2tINV	5	26029395	-	-
5	19200655	DEL	5	40373457	-	+
5	26729135	t2tINV	5	41322685	-	-
5	30849961	h2hINV	5	50803097	+	+
5	32995150	TRA	1	76335892	+	+
5	43063419	TRA	3	17190193	+	+
5	98559434	h2hINV	5	135114503	+	+
5	138358707	TRA	2	49460010	+	+
6	32526509	DUP	6	32552721	+	-
6	55575005	DEL	6	55576232	-	+
6	162554816	DEL	6	162633205	-	+
6	162581022	DUP	6	162583950	+	-
6	162669191	DUP	6	162675120	+	-
7	2428626	DEL	7	9070928	-	+
7	2428997	DUP	7	19517131	+	-
7	2456342	t2tINV	7	23010840	-	-
7	2562630	h2hINV	7	21291230	+	+
7	2563250	h2hINV	7	16984094	+	+
7	2570745	t2tINV	7	15493744	-	-
7	2571856	t2tINV	7	23216217	-	-
7	3533987	DEL	7	20472118	-	+
7	3534529	DUP	7	16318144	+	-
7	3537076	DUP	7	16937778	+	-
7	3537495	DEL	7	16312340	-	+
7	3542044	t2tINV	7	22940191	-	-
7	3543290	DUP	7	9066399	+	-
7	4451022	h2hINV	7	19758391	+	+
7	8462427	t2tINV	7	20498171	-	-
7	8463145	DUP	7	19503025	+	-
7	9059015	h2hINV	7	16318532	+	+
7	9066688	h2hINV	7	16938469	+	+
7	9070808	DEL	7	10221843	-	+
7	9072680	DEL	7	16931994	-	+
7	11768913	t2tINV	7	16932813	-	-
7	14715418	DEL	7	17298835	-	+
7	16352707	DEL	7	23002444	-	+
7	16352807	h2hINV	7	16940069	+	+
7	16938972	DEL	7	19530291	-	+
7	16951029	t2tINV	7	20471326	-	-
7	20482463	DEL	7	23215933	-	+
7	49589248	t2tINV	7	49589460	-	-
7	76128645	DUP	7	76628465	+	-
7	113980074	DEL	7	120110968	-	+
7	120128703	DEL	7	120143477	-	+
7	136630565	t2tINV	7	141654443	-	-
7	146895906	DEL	7	147113527	-	+
8	39102448	DEL	8	39871634	-	+
8	41361389	h2hINV	8	41361708	+	+
8	51046925	DEL	8	51574356	-	+
8	52925066	h2hINV	8	105905887	+	+
9	77130499	DUP	9	77131108	+	-
10	20253108	DEL	10	20301595	-	+
10	20256949	DUP	10	20302125	+	-
10	37648931	DEL	10	37660032	-	+
10	80228479	DUP	10	80329631	+	-
11	4968193	DEL	11	4976848	-	+
11	33208518	TRA	8	37502955	-	-
11	49860430	DEL	11	120026196	-	+
11	61168858	TRA	7	150605826	+	-
11	62090671	h2hINV	11	79791269	+	+
11	69085572	h2hINV	11	69151879	+	+
11	69086394	TRA	5	18963745	-	-
11	69566485	t2tINV	11	78952476	-	-
11	77777550	h2hINV	11	77779632	+	+
11	79817855	DEL	11	79826426	-	+
11	80907121	t2tINV	11	80908175	-	-
11	81385670	TRA	2	154160708	-	+
11	81385675	t2tINV	11	81387846	-	-
11	81387843	TRA	2	154160875	-	-
11	127971688	h2hINV	11	127973135	+	+
11	127973834	t2tINV	11	127986005	-	-
11	127981408	DUP	11	134172271	+	-
11	130254785	h2hINV	11	134158527	+	+
12	9464209	t2tINV	12	9572797	-	-
12	13678897	DUP	12	13679333	+	-
12	55500018	DUP	12	94225368	+	-
12	55597317	TRA	11	80790329	+	+
12	55638303	t2tINV	12	70961276	-	-
12	56014616	h2hINV	12	69360550	+	+
12	56453201	DEL	12	68701067	-	+
12	68717009	t2tINV	12	68790048	-	-
12	69945224	h2hINV	12	88803973	+	+
12	69962856	t2tINV	12	88806878	-	-
12	69963380	h2hINV	12	88696807	+	+
12	70075521	DEL	12	88426378	-	+
12	70522965	h2hINV	12	70847199	+	+
12	70844879	DEL	12	70936837	-	+
12	70945999	TRA	5	25141736	+	+
12	72810969	DEL	12	77542000	-	+
12	72811041	h2hINV	12	83784470	+	+
12	73159212	h2hINV	12	91170917	+	+
12	77131953	h2hINV	12	77165981	+	+
12	84864858	DEL	12	84877618	-	+
12	88264504	t2tINV	12	94432569	-	-
12	88411330	h2hINV	12	132560478	+	+
12	88426358	t2tINV	12	88803569	-	-
12	88453969	DEL	12	94928709	-	+
12	88527794	t2tINV	12	99836769	-	-
12	88601799	t2tINV	12	88806754	-	-
12	88806759	h2hINV	12	88806871	+	+
12	90340302	h2hINV	12	94672673	+	+
12	91665019	DEL	12	94235667	-	+
12	91665632	DUP	12	99642270	+	-
12	91671111	DEL	12	126185851	-	+
12	91678579	h2hINV	12	96364311	+	+
12	91679045	DEL	12	100772223	-	+
12	91692382	h2hINV	12	93917448	+	+
12	91699160	DEL	12	93007592	-	+
12	92992676	h2hINV	12	93933328	+	+
12	93003601	t2tINV	12	132570306	-	-
12	93008136	DEL	12	99836149	-	+
12	93012304	h2hINV	12	99641649	+	+
12	93012910	t2tINV	12	132118254	-	-
12	93012912	DEL	12	126661517	-	+
12	93627754	DEL	12	94936017	-	+
12	93662810	h2hINV	12	99648625	+	+
12	93752394	h2hINV	12	94425760	+	+
12	93752403	DUP	12	96365283	+	-
12	93752847	DEL	12	96550965	-	+
12	93753296	DEL	12	96049231	-	+
12	93753504	h2hINV	12	100607697	+	+
12	93768318	t2tINV	12	94308380	-	-
12	93843575	t2tINV	12	126194155	-	-
12	93855531	DUP	12	99629517	+	-
12	93858968	DEL	12	99845671	-	+
12	93934295	t2tINV	12	131882798	-	-
12	93940128	h2hINV	12	132115796	+	+
12	93962762	t2tINV	12	94934041	-	-
12	93977216	t2tINV	12	100787254	-	-
12	94169729	DUP	12	96929920	+	-
12	94178627	DUP	12	94292513	+	-
12	94297871	DUP	12	132554448	+	-
12	94301984	t2tINV	12	126199682	-	-
12	94307860	DUP	12	99835989	+	-
12	94629593	DUP	12	126951016	+	-
12	94629848	t2tINV	12	127870751	-	-
12	94654269	t2tINV	12	132115958	-	-
12	94654382	h2hINV	12	128027454	+	+
12	94700971	DEL	12	132570332	-	+
12	94702336	DUP	12	100443228	+	-
12	94703421	DEL	12	127870196	-	+
12	94943785	DEL	12	99835219	-	+
12	96359556	DUP	12	96844203	+	-
12	96645411	h2hINV	12	97606594	+	+
12	96843724	h2hINV	12	131870970	+	+
12	99648884	t2tINV	12	100612153	-	-
12	99882700	t2tINV	12	128028455	-	-
12	126661517	h2hINV	12	132117949	+	+
12	126951019	t2tINV	12	127870753	-	-
12	131872843	DEL	12	131882130	-	+
13	105863136	DEL	13	105865408	-	+
14	25613315	DUP	14	27532974	+	-
14	36394404	h2hINV	14	52595898	+	+
14	36394948	t2tINV	14	36404379	-	-
14	45451289	h2hINV	14	51520528	+	+
14	48495361	TRA	7	38435348	+	+
14	50659644	DEL	14	60975325	-	+
14	50659648	DEL	14	56818866	-	+
14	50760810	DUP	14	60013658	+	-
14	56333785	DEL	14	60218977	-	+
14	56818866	DUP	14	60975410	+	-
15	23215599	h2hINV	15	28975858	+	+
15	78583549	DUP	15	78584740	+	-
15	78955811	t2tINV	15	91591982	-	-
16	6779526	DEL	16	6860047	-	+
16	6896960	DUP	16	6901633	+	-
16	6907902	DEL	16	7101976	-	+
16	7052202	DEL	16	7115673	-	+
16	16093697	TRA	2	163609542	-	-
16	59976472	TRA	10	68673023	-	-
17	14643688	DEL	17	14645713	-	+
17	14843598	TRA	12	96647165	-	-
17	25629984	TRA	12	88128408	+	-
17	25844906	DUP	17	26819041	+	-
17	26816708	h2hINV	17	26821452	+	+
17	26839659	TRA	12	69277193	+	-
17	27499950	TRA	12	56085123	+	+
17	27502994	TRA	11	78356275	-	+
17	27593246	TRA	12	100442768	-	+
17	27612287	TRA	12	93940292	-	-
17	27743229	TRA	12	93958166	+	+
17	27745239	TRA	12	93973206	-	+
17	29306842	TRA	7	32427386	-	+
17	35071980	TRA	7	147472353	-	+
17	48763249	DEL	17	62502580	-	+
17	48766327	DUP	17	73718927	+	-
17	48951289	DEL	17	49960430	-	+
17	50762022	DEL	17	51890767	-	+
19	22363423	DUP	19	22363818	+	-
19	44819325	TRA	5	50585860	-	-
19	53602377	DUP	19	53632207	+	-
20	3369339	DUP	20	48645802	+	-
20	3779013	DUP	20	3779892	+	-
20	3779138	TRA	7	7129405	-	-
20	4556136	TRA	11	68010887	-	+
20	4556615	h2hINV	20	4738107	+	+
20	4580830	h2hINV	20	62291117	+	+
20	4597957	t2tINV	20	34566793	-	-
20	4927624	TRA	5	33068602	+	-
20	9404928	DUP	20	34570446	+	-
20	10231339	TRA	5	25372949	+	+
20	10232474	TRA	5	35874231	+	-
20	10232570	TRA	11	77843071	-	+
20	10233396	TRA	5	25362234	-	-
20	15656854	TRA	7	150945213	-	+
20	33796530	h2hINV	20	37615713	+	+
20	33807520	t2tINV	20	62290546	-	-
20	34566729	h2hINV	20	62232904	+	+
20	34689743	t2tINV	20	34691874	-	-
20	37928198	TRA	5	25292318	+	+
20	38179783	t2tINV	20	53384936	-	-
20	38404901	t2tINV	20	38427200	-	-
20	38415664	TRA	11	78186702	+	+
20	39913618	DEL	20	45251782	-	+
20	45663244	DUP	20	46495800	+	-
20	46437431	TRA	5	16740365	-	-
20	46441271	TRA	5	19039833	+	+
20	46449227	TRA	11	70565069	-	-
20	46489547	TRA	12	71033091	+	-
20	46490234	TRA	11	79202288	-	-
20	46495142	TRA	11	62093422	+	-
20	47254593	TRA	14	60954934	-	-
20	47552432	DUP	20	52559125	+	-
20	53116131	TRA	11	81236499	+	-
20	53363642	TRA	7	6954045	+	+
20	58743986	TRA	7	37699612	-	-
20	58744288	TRA	7	40150961	+	+
20	59552608	TRA	14	51527507	+	+
20	60300690	h2hINV	20	60301492	+	+
20	62232597	TRA	12	126766049	+	-
21	9730829	TRA	8	39689128	-	+
21	9841759	TRA	20	62233133	+	-
21	21653131	h2hINV	21	21653418	+	+
21	21653233	t2tINV	21	21653367	-	-
22	42524638	DUP	22	42538378	+	-
22	49128099	DUP	22	49286178	+	-
22	49237959	TRA	8	40745251	-	-
22	49272546	TRA	8	51558454	+	-
22	49273816	TRA	8	51540339	-	+
22	49280255	TRA	8	40745800	+	+
22	49286268	TRA	8	51552026	+	+
X	1484203	DEL	X	1485352	-	+
X	6808295	DEL	X	7143571	-	+
X	64670401	DUP	X	64670691	+	-
X	99510789	DEL	X	99512891	-	+
