chrom	start	end	CN
1	10512	245024	5
1	246977	364251	17
1	404577	404577	11
1	414041	786810	5
1	788713	121485435	4
1	142540082	142730859	6
1	142781040	143180204	8
1	143181759	144614149	3
1	144614842	145180219	2
1	145182448	149297530	5
1	149298101	149735484	2
1	149736805	155575961	6
1	155578042	156787521	2
1	156792402	157437004	6
1	157439743	158443568	2
1	158446151	161672474	6
1	161675696	162020969	5
1	162030241	162757186	2
1	162760551	167582727	6
1	167584834	168864104	2
1	168881014	169243327	6
1	169244700	170250991	2
1	170252152	249239209	6
2	34289	49384430	4
2	49445087	87488387	6
2	87489092	87656375	6
2	87719391	113798735	6
2	113801898	133935751	4
2	133957559	134476482	11
2	134480454	225600701	4
2	225605651	225648281	7
2	225675301	226032009	2
2	226036671	227879863	6
2	227880769	234640080	4
2	234650193	237011404	5
2	237024817	239338596	7
2	239346022	243186878	6
3	78740	111318005	6
3	111345032	197961115	4
4	11765	23242414	7
4	23243108	49571679	5
4	49572801	52664756	9
4	52667089	52667089	16
4	52668042	53059893	5
4	53065095	169269138	4
4	169287431	170723532	2
4	170742366	175952328	4
4	175955734	184257869	3
4	184263070	190654163	5
4	190656419	190769753	6
4	190771170	190936574	5
4	190937246	191000974	10
4	191002977	191043125	17
5	13018	16468940	9
5	16492340	16739025	22
5	16747981	17393834	10
5	17416380	18444055	16
5	18450042	19222978	12
5	19225549	25116759	7
5	25118982	25294254	25
5	25304753	26173277	77
5	26194597	26725740	27
5	26730238	26797781	5
5	26798888	32946159	9
5	32983108	34232982	12
5	34235202	34242850	27
5	34244775	34929368	21
5	34951150	35899264	28
5	35908474	39630963	12
5	39632103	40373057	6
5	40377342	40979604	19
5	40986084	41372400	24
5	41403503	46384005	9
5	46390973	51138778	6
5	51147524	138357211	4
5	138365490	180904762	7
6	63827	162200472	6
6	162242980	163054272	4
6	163059231	171053406	6
7	19916	2401569	9
7	2405260	2583801	3
7	2585133	3567302	9
7	3575868	4451160	3
7	4453816	5355848	7
7	5357368	6049487	12
7	6050825	8463886	7
7	8469575	8506433	6
7	8523588	9013543	2
7	9014283	10213708	7
7	10222895	11444501	10
7	11462049	15505023	9
7	15521358	16626428	3
7	16628899	19498747	9
7	19501993	19754973	3
7	19757461	20578214	7
7	20580776	21290674	2
7	21298820	22938213	10
7	22940627	23215528	3
7	23220991	31161655	6
7	31163707	32542946	3
7	32544851	37652751	7
7	37653378	38468463	3
7	38471053	40156758	7
7	40157787	45391835	5
7	45419064	48480083	3
7	48485984	64307712	5
7	64309956	113762940	3
7	113772631	120868631	2
7	120881448	126268661	3
7	126283123	130272995	6
7	130275053	133256406	3
7	133266474	136606541	5
7	136615624	140428845	3
7	140431694	141738887	5
7	141741684	143500352	3
7	143507895	144028242	7
7	144029495	146368063	9
7	146369256	146778502	15
7	146781097	149901206	9
7	149906611	150600339	3
7	150606818	151411467	7
7	151413680	152987199	3
7	152992284	153803038	7
7	153811117	153922104	4
7	153932581	159128586	3
8	10346	7059936	2
8	7063423	7064661	0
8	7072647	7160075	7
8	7162612	7726292	2
8	7726845	7935841	1
8	7937948	7959288	9
8	7960709	36897548	2
8	36930304	39078484	9
8	39106483	39692261	2
8	39696163	39870691	7
8	39871519	40912455	13
8	40915059	41353021	8
8	41354055	41713614	15
8	41714362	41965629	16
8	41966736	42575187	14
8	42578172	46839107	5
8	46841860	46870856	15
8	46872276	74658583	16
8	74659261	91498800	15
8	91515481	105918699	12
8	105924580	108681703	15
8	108693223	140039270	12
8	140059164	145914842	7
8	145928585	146303673	13
9	12667	17743079	2
9	17756527	22753463	4
9	22761978	40936752	2
9	40938714	41501382	0
9	41510633	45469531	2
9	45472581	65475442	1
9	65478102	65745012	0
9	65745938	68436449	2
9	68442107	68996639	4
9	69003744	69733761	1
9	69735130	70916065	2
9	70916664	141148661	4
10	65878	20226525	4
10	20236731	21739900	3
10	21741124	26003576	5
10	26006222	37755580	3
10	37757898	135524334	4
11	71000	48022512	6
11	48048752	69139801	3
11	69153143	70553501	35
11	70575754	77775667	4
11	77778201	79153440	39
11	79161336	79777621	3
11	79784333	80785647	11
11	80791431	80903615	36
11	80914935	81103555	16
11	81112319	81369748	34
11	81390330	118908098	3
11	118911544	128284231	4
11	128306750	130278155	3
11	130284041	134946034	4
12	60076	223422	6
12	237760	13012948	7
12	13015037	47044655	6
12	47052158	48777000	3
12	48797106	55495643	7
12	55500913	56451504	34
12	56454571	68699998	3
12	68701998	69941566	33
12	69945795	70079782	13
12	70080559	70522627	6
12	70528083	71046087	33
12	71050772	74684804	12
12	74685992	75573376	6
12	75575746	78680080	12
12	78683937	84895291	7
12	84902568	88177157	12
12	88180382	91123732	3
12	91152368	91635327	30
12	91673067	93793984	3
12	93795414	93824397	28
12	93844261	94157732	3
12	94162556	94291607	18
12	94293903	97586687	3
12	97592702	99673659	7
12	99687609	126660591	3
12	126665543	126706679	33
12	126720573	126943969	22
12	126960665	132158667	3
12	132162803	133841516	6
13	19021359	115102255	4
14	19000060	19191599	2
14	19193680	19223190	5
14	19224516	25612174	2
14	25612838	25715011	3
14	25718083	27601349	4
14	27602851	30415178	2
14	30435055	45462254	4
14	45466663	48480302	6
14	48485643	50661138	9
14	50664402	50757805	1
14	50762271	56326393	7
14	56338240	56822018	2
14	56822692	60042318	7
14	60046758	60215836	1
14	60217868	60975579	6
14	60991380	107289541	2
15	20021591	22669361	3
15	22670420	102520455	6
16	63929	6580755	6
16	6581746	7117515	4
16	7125742	65015010	6
16	65016087	90160226	7
16	90161065	90294316	6
17	15222	2135002	2
17	2140383	6133724	6
17	6155545	25263347	2
17	25264596	25631522	7
17	25633271	26784903	10
17	26803944	27599197	21
17	27600065	34561094	2
17	34568154	34747095	0
17	34754105	44606164	2
17	44607612	48939527	6
17	48947896	49951761	2
17	49953605	62899987	4
17	62901151	73626829	9
17	73651637	81194354	6
18	14817	78016652	4
19	62177	31672086	4
19	31674124	49331171	3
19	49332341	49343469	1
19	49347394	50640654	6
19	50641265	55227074	3
19	55228341	55254228	0
19	55255780	55325316	1
19	55326528	59116173	3
20	61270	3345618	2
20	3348877	4849979	4
20	4885793	5102345	15
20	5110387	9336128	2
20	9365742	10549845	18
20	10573486	13179486	3
20	13182086	15310469	6
20	15311604	33793159	4
20	33794124	34310337	15
20	34312303	34691630	12
20	34695155	37609929	4
20	37611595	37908954	24
20	37910766	38186765	40
20	38198577	38409825	21
20	38431408	38821796	9
20	38831775	39911039	11
20	39917807	42543348	4
20	42545777	45241936	2
20	45251266	45651327	10
20	45652282	46472910	20
20	46481888	47596457	9
20	47613157	48121474	11
20	48121978	48660003	6
20	48668342	49845031	2
20	49849605	50708054	9
20	50709453	51779990	6
20	51790239	51851473	11
20	51862579	53383264	23
20	53401899	54697800	4
20	54699432	56985452	2
20	56987658	57530528	6
20	57538331	57913813	9
20	57916357	60365225	6
20	60366933	60828877	9
20	60837010	62232008	6
20	62233190	62454969	19
20	62455923	62608078	13
20	62613001	62620029	64
20	62624619	62965185	66
21	9411193	9499280	2
21	9502621	9834898	6
21	9840048	9902334	19
21	9906479	14436440	6
21	14439295	48119290	6
22	16050252	16695360	6
22	16848165	20176705	4
22	20185011	20651458	3
22	20655468	49292066	4
22	49296663	51240820	12
X	62257	48461770	6
X	48465858	48501196	4
X	48505616	155258430	7
